Abgar Sargsyan,Male,Undifined,sargsyanabgar@gmail.com
Annamaria Avilia,Female,Milan- Italy,laanna@live.it
Annette Botha,Female,Undifined,annetteb@webafrica.org.za
Antonio Ocio Costales,Male,Briviesca- Spain,antonio-ocio@hotmail.com
Benjamin Lupica,Undifined,Rocky River- Ohio,blupica@msn.com
Bethan Tovey,Female,Oxford- Oxfordshire,b.tovey@gmail.com
Caroline Isabel Merz,Female,Undifined,caroline.merz@t-online.de
Claire-Mireille Soullier,Female,Undifined,toscandart@yahoo.it
Cristalle Chanel Boone,Undifined,Undifined,handelsartista@yahoo.com
Cristina Carbonell,Female,Valencia,carbonell.cris@gmail.com
Cristina Magri,Female,Calvatone- Italy,cri.magri@live.it
Daeha  Kim,Male,Ulsan- Korea,mckdh@paran.com
David Gillett,Male,Warrington- England,davidgillett42@hotmail.co.uk
David Rocha,Male,Hobbs- New Mexico,dramten1@gmail.com
Dia Morgan Sawyer,Female,Undifined,diasawyer@me.com
Edie Daniel,Male,Buenos Aires- Argentina,edukallas2003@yahoo.com.ar
Eduardo Bighelini,Male,Porto Alegre,ebighelini@gmail.com
Eleri Owen Edwards,Undifined,Cilycwm- Carmarthenshire- United Kingdom,eleri@dyfrilimousin.com
Helena Carvalho Pereira,Undifined,Lisbon- Portugal,helenacarvalhopereira@msn.com
Jeramie Gajan,Undifined,Corvallis- Oregon,jgajan94@yahoo.com
Jeran Michael,Male,Seattle- Washington,jeranbrown82@gmail.com
Karen Nelson,Female,Rindge- New Hampshire,beastmom@gmail.com
László Spiller,Male,Budapest- Hungary,laszlo.spiller@freemail.hu
Linda Dutton,Undifined,Undifined,lindad4a@gmail.com
Mark Nicolson,Male,New York- New York,mark@marknicolson.com
Michael Edwin Hughes,Male,Undifined,michaeledwinhughes@hotmail.com
Namık Erten,Male,İzmir- Turkey,namik.erten@hotmail.com
Ole Martin Kolbjørnshus,Male,Lillestrøm- Norway,ole_martin.kolbjornshus@getmail.no
Patricia Paul,Female,Tucson- Arizona,ppaul1111@aol.com
Paul Williams,Undifined,Independence- Missouri,wcymrupaul@aol.com
Pauline Behncke,Female,Vienna- Austria,paulinebehncke@gmail.com
Porumb Marina,Female,Iasi- Romania,ina_porumb2007@yahoo.com
Robertas Bekionis,Male,Nemencine,bekionis2010@hotmail.com
Robin Gravis,Female,Tampa- Florida,robinsbb011@gmail.com
Susan Talmadge Kerns,Undifined,Statesboro- Georgia,fsk@frontier.com
Tavata Servin,Female,Undifined,tavatadatos@yahoo.com.mx
Tim Clarke,Male,Undifined,timothy16@hotmail.com
Vanessa Sharman,Undifined,Undifined,vanessa_sharman@hotmail.com
Veronika Volhejnová,Female,Prague- Czech Republic,ronniev@centrum.cz
Vikki Tempest Verna Tempest,Female,Melbourne- Victoria- Australia,redevil2@tpg.com.au
Vqss Miguel,Undifined,Madrid- Spain,msvaquero@hotmail.com