Caroline Isabel Merz,Female,Undifined,+491722167282
Derus Napissa,Male,Sukabumi,+6285724243613
Edye A. Isaacson-Wagstaff,Female,Kaysville- Utah,+18015576389
László Spiller,Male,Budapest- Hungary,+36302913089
Lois Groocock,Female,Nice- France,+33650766753
Luís Otávio Dos Santos Alves,Male,São José do Rio Pardo,+5519996882989
Nelleke Voerman,Female,Arnhem- Netherlands,+31611962604
Ole Martin Kolbjørnshus,Male,Lillestrøm- Norway,+4792062250
Russell Bailey,Male,Undifined,+447768010735
Sara Evers,Undifined,Undifined,+4551823479