Abdallah Zayni,Male,Tripoli- Lebanon,+96170342710
Adriana Claudia Neri,Female,Mar del Plata- Argentina,+5492236862107
Aida Isola,Undifined,Rome- Italy,+390676969918
Ákos Sziklai,Male,Budapest- Hungary,+36309344120
Al P. Carrillo,Male,Cagayan de Oro- Philippines,+639193901388
Alan Beecroft,Male,Manchester- United Kingdom,+447442229170
Albert McEniry,Undifined,Undifined,+353879126278
Aleksandra Zdanowicz,Female,Undifined,+48607108579
Aleš Gahura,Male,Brno- Czech Republic,+420773012679
Alexander Reznikov,Male,Kyiv- Ukraine,+380671002232
Alice Norman,Female,London- United Kingdom,+79167302719
Alif YusranSyah Nur Alief,Male,Makassar,+6282316666123
Alisha Jones,Female,Undifined,+447960053374
Allen Miles,Undifined,Booneville- Mississippi,+16624164234
Amarilys Uzcategui,Female,Undifined,+34679538384
Andre Malek,Undifined,Croton-on-Hudson- New York,+17183145815
Andre van Wyk,Male,Cape Town- Western Cape,+27712295166
Andreé Arriaza,Male,Santiago- Chile,+56997762959
Andy Probyn,Male,Amherstburg- Ontario,+12269464620
Anette Nilsson,Female,Gusum,+46732225186
Anita Rottmann,Undifined,Ahlen,+4917630188055
Anniqa Stålheim,Female,Nyköping,+46736788566
Anthony Heard,Male,Bridgend,+447794522695
Anthony Lee,Male,Taichung- Taiwan,+886933173403
Anton Weinberg,Male,London- United Kingdom,+447951706687
Antonia Rodriguez,Female,Dallas- Texas,+19567927092
Antônio Carlos Rocha Rocha,Male,Nossa Senhora das Dores- Sergipe,+557999285045
Antonio Cemazar,Male,Celje,+38640796354
Antonio Rondinone,Male,Rocky Hill- Connecticut,+18605395003
April Moreau,Female,Los Angeles- California,+15629645874
Armando Ramón Abregú Burgos,Male,Buenos Aires- Argentina,+541165467410
Artemis Lambizi,Female,Rehovot- Israel,+972543184933
Audrey Yates,Female,Undifined,+14165585358
Aurel Dragut,Male,Galati,+40724250754
Benedicte Larsen,Undifined,Undifined,+4795729815
Bill Freeze,Male,Highland- Utah,+18013670267
Bill Winfrey,Male,Undifined,+12145058939
Billy Zilembo,Male,Marlborough- Massachusetts,+15083081862
Bob Andelman,Male,Undifined,+17274586475
Bob Falanga,Male,East Taunton- Massachusetts,+15084680745
Bota Dorel,Male,Gherla,+40733844048
Brian Cutler,Male,Burbank- California,+18183971993
Bruce Sutorius,Undifined,Undifined,+15103320076
Cammie Kitchens,Male,Undifined,+16015890489
Canetivip Caneti,Male,Tel Aviv- Israel,+972777057061
Caren Chanley,Female,Redington Shores- Florida,+14074434750
Carl Judah Collier,Male,Undifined,+15512379778
Carl Robertson,Male,Skegness,+447769737269
Carlos Alberto Palacios Johnson,Male,South Tampa- Florida,+18137014839
Carlos Rocha,Male,Alfena- Porto- Portugal,+351910825610
Carmen Tabarez,Female,Maldonado- Uruguay,+59895661232
Carol Jackson,Female,Ballater- Aberdeenshire,+447845403562
Carole Matthews,Female,Summerside- Prince Edward Island,+19023154423
Catherine Ferret,Female,Mortemart,+33641869876
Ceres Helena Canali Pereira,Female,Undifined,+554599369472
Chandra Hoskins,Undifined,Undifined,+19514238673
Charles Town,Male,Undifined,+15754046431
Charlotte Lovalee Cervin,Female,Landskrona,+46739127511
Chase Morgensen,Male,Undifined,+17807195362
Chris Mc Cabe,Male,Enniskillen,+447545835847
Chris Pilz,Male,Parrish- Florida,+14438641658
Chrissy Morey,Female,Harrogate- North Yorkshire,+447789720075
Christian Sotelo,Male,Los Angeles- California,+17146132288
Christina May,Female,Birmingham- United Kingdom,+447599096658
Cindy Fortune,Female,Gowen City- Pennsylvania,+15704927843
Claire Chambers,Female,Sheffield,+447974330060
Claire Kelly,Female,Wivenhoe,+447843011051
Coastal Limo Svc Phillips,Male,El Campo- Texas,+19795416599
Craig Hadley,Male,Los Alcázares- Murcia- Spain,+34679057388
DAnne Burley,Female,Chicago- Illinois,+16303130545
Dante De Simoni,Male,Carpi- Italy,+39059699521
Darko B. Daka Miranovic,Male,Podgorica,+38269018908
Darren Carter,Male,Rhondda,+447977861369
Dave Linn,Male,Franklin- North Carolina,+18284217637
David Bistany,Undifined,Hoboken- New Jersey,+12018523291
David Lee Vandever,Male,Lake Charles- Louisiana,+13375325413
David Stash,Male,Port Vue- Pennsylvania,+14124960843
Debbie Hammel,Undifined,Undifined,+18436681603
Deborah Hurley,Undifined,Undifined,+447927008864
Debra Cheatham,Female,Detroit- Michigan,+13139839594
Dennis George Hannant,Male,Grantham,+447703656238
Denny McConnell,Undifined,Reading- Pennsylvania,+16104687880
Derrick G. Brewer,Male,Undifined,+15062604448
Devendra Panchakoti,Male,Kathmandu- Nepal,+9779841558966
Diyan Dimitrov,Male,Undifined,+359877733225
Dmitriy Skoromykin,Male,Samara- Russia,+79179510540
Don Kang,Male,San Francisco- California,+821063330617
Donnalee Huyette Mintz,Female,Undifined,+16109093349
Dougie Hicks,Male,Wakefield,+447415424368
Dragana Radović Tomić,Female,Belgrade- Serbia,+381654364042
Edison Carrión,Male,Undifined,+51921063973
Edoardo Bettazzi,Male,Poggio a Caiano,+393929098686
Elena Kinani,Female,Larnaca- Cyprus,+35799483711
Elena Natalia Ionescu,Female,Bucharest- Romania,+40758280552
Elloren Marloun,Male,Manila- Philippines,+639285979760
Elohim Paredes Pinto,Male,Santiago- Chile,+56958231662
Emil Kodov,Male,Sofia- Bulgaria,+359899923079
Emiliana Perina,Female,Milan- Italy,+393476657789
Emilio Faroy,Male,Coconut Grove- Florida,+13053891986
Erbs-Greff Aris,Male,Riga- Latvia,+4917627934169
Eskil Andersen,Male,Oslo- Norway,+4794217920
Fabio Hani,Male,El Mtaïleb- Mont-Liban- Lebanon,+96181771408
Federico Moran,Male,Undifined,+51932653927
Fernando Gustavo Garcia Malagon,Male,Tlalnepantla- Mexico,+525531299618
Fernando Marticorena,Male,Buenos Aires- Argentina,+5491150124018
Frances Wright,Female,Columbus- Ohio,+16145927644
Franciele Rodrigues,Female,Mairiporã,+5511941265884
François Lemmens,Male,Brasschaat,+32495181150
Frankie Santiago,Male,Seffner- Florida,+18137011384
Gál Glass,Female,Kecskemét,+36209254340
Gary Bednall,Male,Derby,+351289478674
Geir Arne Sørnes,Male,Sandnessjøen- Nordland- Norway,+4745422001
George Konstantin Liakonis,Male,Bergen- Hordaland,+4790572197
Gianni Bautista Collacchioni,Male,Santa Teresita- Buenos Aires,+5492246407779
Gijsbert van Lieshout,Male,Helmond,+31611040523
Gilberto Muniz de Oliveira,Male,Esplanada,+557599584836
Giody Ukmar,Male,Ghent,+32489549160
Giorgos Kalmoutis,Male,Undifined,+306907550594
Glenn Evans,Undifined,Orlando- Florida,+14074374787
Gwenda Ann Roberts,Female,Edern,+447778421549
Gwenda Roberts,Female,Edern,+447425381907
Habibi Al Habib's,Undifined,Melaka,+60194371786
Heidi Fletcher,Female,Leominster,+447472346242
Heike C. Strand,Female,Burbank- California,+18182092853
Henk Hermans,Male,Undifined,+31653442320
Hennie Doedens,Male,Winschoten,+31653704936
Herregraven Vera,Female,Undifined,+32477638111
Hope Reyes Eccleston,Female,Cathedral City- California,+17602195136
Hossam Mekky,Male,Hada'Iq Al Qubbah- Al Qahirah- Egypt,+201091919539
Ibolya Danó,Female,Budapest- Hungary,+36209803079
Irene Wylie,Female,Livingston- West Lothian,+447724773092
Ivan Enchev,Male,Undifined,+359889464477
Jabu Javas Steven,Male,Emalahleni,+27769519948
James Marr,Male,Hamilton- Ontario,+19059661814
Jamie Stafford,Male,Dublin- Ireland,+353872788985
Jane Sinclair,Female,Undifined,+447738047092
Jason Disley,Male,Torquay,+447979313369
Jayne Silvester,Female,Stoke-on-Trent,+447857828588
Jeanie Digal Torres,Female,San Jose del Monte- Bulacan,+639163751173
Jeannie DiNero-Trujillo,Female,Pueblo- Colorado,+17194063602
Jeffrey Fortson,Male,Minneapolis- Minnesota,+16125782252
Jim Torry Barlien Tempel,Male,Tromsø- Norway,+4791887136
Jinny Ann Sinnott,Female,Nottingham- United Kingdom,+447494278025
Jiří Hanák,Male,Undifined,+420739203642
Joachim Vollbrecht,Male,Undifined,+49231424594
João Maximiano,Male,Undifined,+447913725732
Joe Goodwin,Undifined,Louisville- Kentucky,+15027677808
Joeru Ion,Male,Bucharest- Romania,+40730947623
John Henry,Male,Rose Bud- Arkansas,+15013513460
John Horton,Male,Undifined,+32497881854
John Martin,Male,Charlotte- North Carolina,+17042778215
John Richards,Male,Plympton,+447890084195
Johnny Angel,Male,Sorrento- Florida,+13522256026
Jorge Villalta,Male,Guayaquil- Ecuador,+593992164144
José Abreu,Male,Braga- Portugal,+351917543133
Jose Emiliano Orellana,Male,Undifined,+50234176963
Jose Walter Ojeda Guamán,Male,Guayaquil- Ecuador,+593969793148
Joselle Bergeron,Female,Satsuma- Louisiana,+12253619512
Joseph Richard Conte,Male,Lusaka- Zambia,+260966615158
Joseph Stephen McDaniel,Male,Ardmore- Oklahoma,+14055325341
Joyce Manz,Female,Undifined,+12162544094
Jude Jones,Undifined,Undifined,+447735602652
Julie Anne Buller,Female,Livermore- California,+19253379817
Julie Champion,Female,Porthcawl,+447517586602
Julie Gilbert,Female,Undifined,+447525688329
Julio Huerta,Male,Lima- Peru,+51972011383
Julius Conor McGregor,Male,London- United Kingdom,+447958355760
Junos Langajed,Male,Riyadh- Saudi Arabia,+966563970344
Kara Ann Collins,Female,Port Glasgow,+447853651974
Karen Bolt,Female,Bridgend,+447906505113
Karin Mederyd,Female,Kil- Sweden,+46736190788
Karla Boulange,Female,Discovery Bay- California,+14159560858
Kassie Starks,Female,St. Louis,+13142436345
Kathryn Peter Easton Chapman,Female,Bridlington,+447933656267
Kathy Dahm Knodle,Female,Freeport- Illinois,+18155415633
Katia Brizzi,Undifined,Gravellona Toce,+393479053814
Keeley Stokes,Female,Undifined,+447903467470
Kenneth Brulinski Sr.,Male,Undifined,+14438025684
Khadija Kaaniche,Female,Tunis- Tunisia,+21671981999
Kiku Heikkilä Os Tynkkynen,Female,Tampere- Finland,+358442086111
Kim Neves,Female,Augusta- Kansas,+13167751255
Kinga de Strange,Female,Gothenburg,+46765604184
Laura Marie Pepsin,Female,Saint Cloud- Florida,+14073612342
Lauressa Mabrie,Female,Houston- Texas,+12815206983
Lazar Lazarov,Male,Varna- Bulgaria,+359988847124
Leigh Weinberger,Female,Eatontown- New Jersey,+17325427680
Leslie G Huichalaf,Female,Freire- Araucania- Chile,+56987343422
Lilian Jelev,Male,Ainring,+4915902128508
Linda Healy,Female,Dundee,+447731734459
Linda Pelling,Female,Telford,+447783120555
Lou Pezaro,Male,Bury St Edmunds,+447944868791
Louise Sheppard,Female,Towcester- Northamptonshire,+447775854332
Lucien Eduard,Male,Râmnicu Vâlcea,+40744200577
Lucio Leguiza,Undifined,Buenos Aires- Argentina,+541155702481
Luiz C M B Cavalcanti,Male,Anil- Rio De Janeiro- Brazil,+5521970151511
Lunilla Katzmoon,Female,Las Palmas de Gran Canaria,+34657674982
Mads Vang Christensen,Male,Frederiksberg,+4526841084
Maira Baltiņa,Female,Ilguciems,+37125636552
Malcolm Roberts,Male,Undifined,+447845180374
Manon Westerhof,Female,Zwolle- Netherlands,+31654342260
Marco Antonio Caride,Male,Américo Brasiliense,+5516997128830
Maria Horvath,Female,Phoenix- Arizona,+14806192976
Marializa Olvido,Female,Bangkok- Thailand,+66890236895
Mariela Cufré,Undifined,Neuquén- Argentina,+5492995047466
Marimar A Agwayaway,Undifined,Undifined,+639273969090
Marko Strmčnik,Male,Koper,+38640622604
Marlene Sautu,Female,Asunción- Paraguay,+595981601809
Martin Di Lacio,Undifined,Ramos Mejía- Buenos Aires- Argentina,+541159796943
Martin Lindqvist,Male,Lidköping,+46704387563
Martine Deprez,Undifined,Saint-Germain-Laxis,+33681586762
Mary Richardson,Female,Undifined,+353863005662
Matt Mathews,Male,Goodyear- Arizona,+19098099551
Matti Heinänen,Male,Lahti- Finland,+358503318881
Maxine Harrison,Female,Gold Coast- Queensland,+61425269674
Meurig Rhys-jones,Male,Undifined,+447812969358
Michael W. Hallberg,Male,Cocoa- Florida,+13212134175
Michael-ricky Hendricks,Male,Cape Town- Western Cape,+27832144752
Michel Cernev,Male,Townsville- Queensland,+61448496669
Michelle Fergus Whitnear,Undifined,Sheffield,+447709411475
Michelle Nanny McPhee Browett,Female,Peterborough,+447810272624
Michelle Sargent,Female,Eastbourne- East Sussex,+447727180550
Michelle Youngblood Joslin,Female,Penelope- Texas,+12542143122
Miguel Angel Buffini,Male,Río Segundo- Cordoba- Argentina,+543572400651
Miles Lewis,Male,Undifined,+19103629182
Mimmi Hanna Kuosmainen,Female,Oslo- Norway,+4741276889
Mischa Thrower,Male,Undifined,+491738036103
Monroe Jeffrey,Undifined,Shawnee- Oklahoma,+14055149533
Mouzakis Spiros,Undifined,Athens- Greece,+306973500426
Muhiddin Mona Guiamart,Male,Cotabato City,+639397372244
Naghavi Ferry,Male,Tehran- Iran,+989121228287
Nathalie Bauland,Female,Rips- Noord-Brabant- Netherlands,+31646855962
Nick Eogan,Male,Bray- Ireland,+353876726963
Nina Collins,Female,Nailsworth- Gloucestershire,+447976619799
Normunds Ralfs Fogels,Male,Undifined,+37126527753
Oana Clapa,Female,Brussels- Belgium,+40756021254
Osvaldo Benedetto,Male,Undifined,+34605339457
Pat Horgan,Male,Undifined,+18452354087
Patricia Dority,Female,Sallisaw- Oklahoma,+19187753325
Patricia Harley,Female,Undifined,+447440454785
Patrick Scott Curry,Male,Lubbock- Texas,+18064385275
Patty Johnson Wilson,Female,Tallahassee- Florida,+18502849321
Paul Campbell,Male,Bridgend,+447905618135
Paul Daniels,Male,Woodbridge- New Jersey,+17325962116
Paul Nixon,Male,Ipswich- Suffolk,+447904296577
Paula Standing,Female,Auckland- New Zealand,+64212600922
Pepi Apostolova,Female,Los Angeles- California,+359898420984
Peter Reinhard Veit,Male,Mülheim-Kärlich,+491717430760
Profil New,Undifined,Vienna- Austria,+37477702303
Quinton Joubert,Male,Durban- KwaZulu-Natal,+27844489267
Randall B Plaxa,Male,Williamsburg- Virginia,+17578704487
Raúl Gutiérrez López,Male,Madrid- Spain,+34670818199
Raul Hatem,Male,Hialeah- Florida,+13057850274
Ray Cherry,Male,Undifined,+13477778033
Reyes Castro Poesía Jetzy,Female,Quito- Ecuador,+593984883082
Richie Twohig,Male,Undifined,+13474825760
Rick Levatino,Male,Undifined,+19019373880
Ririe N Pratama,Male,Bogor- Indonesia,+6289638880223
Rita Tadros,Female,Valencia- Santa Clarita- California,+16619924435
Roddolfo Carvalho,Male,Salvador- Bahia- Brazil,+5571992880668
Rodica Bucur,Female,Bucharest- Romania,+40722202444
Roger Frensch,Undifined,Antwerp- Belgium,+32486212725
Ron Kent,Male,Huntingtown- Maryland,+13016610151
Ronald Weatherford,Male,High Point- North Carolina,+13364711278
Rosemary Archibeque Alsworth,Female,Undifined,+15754969878
Rowena Solis,Female,Manila- Philippines,+639998536229
Roy Kyle,Male,Central City- Kentucky,+12708204773
Rozanne Armstrong,Female,Durban North,+27747009568
Ruben Eugenio Varela,Male,Buenos Aires- Argentina,+5491158250766
Ruben Fajardo Gudiño,Male,Acapulco- Guerrero,+527441487364
Sam Morley,Female,Ystrad Mynach- Caerphilly,+447807314881
Santiago Egaña,Male,Panama City- Panama,+50767271045
Scott Fleegle,Male,Undifined,+13158690573
Sean Cooney Botanica,Male,Rostrevor,+442841739151
Seftian Seyha Welong,Male,Manado,+6285298034574
Serhat Birgil,Male,Bursa,+905532396614
Shahla Saberefattahi,Female,Undifined,+989127345586
Shaila Bonner,Undifined,Dallas- Texas,+12142073620
Shanthi Wijesinghe,Female,Mount Lavinia- Sri Lanka,+94777650912
Sheri Bowditch,Female,Undifined,+447850343622
Shlomi Singer,Male,Undifined,+972545623302
Silvana Flores Curti,Female,Praia Grande- Sao Paulo- Brazil,+5513997108018
Silvy Deuchar,Female,Denny- Falkirk,+447814987466
Simona Stier,Female,Kiel,+4915786094324
Simone Bernhard,Female,Asheville- North Carolina,+18289892145
Sonja Dorsey,Female,Undifined,+14434162487
Stefan Poul Hansen,Male,Sønderborg- Denmark,+4521450117
Stelian Niculescu,Male,Bucharest- Romania,+40754699694
Stella Mary Serrano,Female,Mar del Plata- Argentina,+542234231599
Stephen Cleaves,Male,Risca,+447837969002
Steve Mcloughlin,Male,Grimsby- North East Lincolnshire- United Kingdom,+447948380607
Steve Scott,Male,Ely- Cambridgeshire- United Kingdom,+447946684694
Steven Jaymz Pallet,Male,Shrewsbury- Shropshire,+447999820334
Susan Thomasell,Female,Washington- District of Columbia,+12023807520
Susanne Schober,Female,Undifined,+491788061165
Susie Lowry,Female,Undifined,+17606623208
TC Ali Boşnak,Male,Küçükçekmece,+905354008039
Teodor Asardzhiev,Male,Sofia- Bulgaria,+359888848793
Terri Rafs Moore,Female,Vancouver- British Columbia,+16048675309
Thamires Eduardo,Female,Chapecó,+554988459125
Thomas Jones,Male,Newport- Kentucky,+18598162864
Tia Long,Female,Knoxville- Tennessee,+18652165802
Timothy Chapman,Male,Bayonne- New Jersey,+12017056606
Tina LaRochelle,Female,Toronto- Ontario,+16473451174
Tony Selvage,Male,Topanga- California,+18089870952
Trevor R Wales,Male,Cornwall,+44172669703
Trisha Stallard,Female,Cardiff,+447785346493
Ulrich Günther,Male,Munich- Germany,+491744883717
Upik Elsawaty Husny Anwar,Female,Makassar,+6285242539799
Ursula Buschmann,Female,Altena- Nordrhein-Westfalen- Germany,+4916094158754
Uta Grundmann,Female,Undifined,+4915207635886
Valerie Mccullough,Female,Annalong,+447521606020
Valerio Spazzoli,Male,Forlì,+393404617274
Victor Popescu,Male,Bucharest- Romania,+40729377282
Victor R. Oznobikhin,Male,Undifined,+79642250727
Victoria Carmona Walker,Female,Santiago- Chile,+56988759263
Viviane de Jaegher,Female,Ostend,+32498356202
Walid Mahmoud Dallam,Undifined,Cairo- Egypt,+201223939071
Wanda Hall,Female,Kingsport- Tennessee,+14235349979
Wayne Jones,Undifined,Undifined,+447772763606
William Billy Evans,Male,Royal Palm Beach- Florida,+15615680778
Wilma Zanardo,Female,São Paulo- Brazil,+551138725597
Xuhair Xaidi,Male,Karachi- Pakistan,+923122488526
Zoran Stojanovic,Male,Vrbas,+381644865603
Андрей Кирюхин,Male,Aleksandrovka- Zakarpats'Ka Oblast'- Ukraine,+380978051576
София Янева,Female,Sofia- Bulgaria,+359878249108
חיים קסלגרוס,Male,Ramat Gan,+97236312610
שי מאיר זר טוב,Undifined,Tel Aviv- Israel,+972772347070
שמואל שחיין,Male,Bat Yam,+972522548155
ساده وسكر زياده,Undifined,Jerash- Jordan,+962796966332
강연자,Female,Seoul- Korea,+821032007450
백승규,Undifined,Undifined,+821094441393
吳聖臨,Male,Taipei- Taiwan,+886229844451