Abby Danielle Miller,Female,Maldon- Essex,mizz.abby@hotmail.co.uk
Aletha Collini,Female,Palacios- Texas,ajc4069@gmail.com
Alex James,Undifined,London- United Kingdom,alexjames@bereavement.co.uk
Amanda Moore,Female,London- United Kingdom,moorenutrition@mac.com
Amy McClain Click,Female,Undifined,amy_girl1970@yahoo.com
Anangu Tjutaku Tjukurpa,Undifined,Port Adelaide- South Australia,nwwcentre@optusnet.com.au
Angela Mclean,Female,Aberdeen,angieedzell@hotmail.com
Angie Denford,Female,Grimsby- North East Lincolnshire- United Kingdom,angela.denford1@ntlworld.com
Ann Grundy,Female,Manchester- United Kingdom,anngrundy64@gmail.com
Anthony R Belsky,Male,Undifined,tbelsky@aol.com
Bernie Foy,Female,Undifined,boel2002@yahoo.co.uk
Brittany Reneé Wilkinson,Female,Undifined,dotoheven@aol.com
Carol Wainwright,Female,Ormskirk,madmotherturtle@gmail.com
Cat Rolfe,Undifined,Bridgwater,cat@mosschopps.org
Cathy Mammie Dupler,Female,Elyria- Ohio,rcdupler3@aol.com
Chrissie Leggett,Undifined,Undifined,c.leggett@sky.com
Christine Bennett,Female,Wolsingham,bennettcroft5@gmail.com
Connie Conkright Diller,Female,Undifined,jodiller@gmail.com
Connie Harding,Female,Chocowinity- North Carolina,connieharding@suddenlink.net
Cristal Ordung Homan,Female,Bath- Maine,cristalhoman@live.com
Cynthia Box Moore,Female,Undifined,coolmom6307@yahoo.com
Daisy Snowey Wroth,Female,Chichester- West Sussex,daisywroth@googlemail.com
Dawn McLean,Female,Preston- Lancashire,dawnmclean@aol.com
Debbie Allan Hobart,Female,Billericay- Essex,debbieheartstrings@gmail.com
Donald Plant,Male,London- United Kingdom,donald_plant@yahoo.co.uk
Dorothy Momanyi,Female,Nairobi- Kenya,dorothyboyani@gmail.com
Edwina Simpson,Female,Undifined,edwina.simpson5@gmail.com
Elizabeth Jean Olivia Gagnon,Female,Cornwall- Ontario,sweetnothing_56789@yahoo.com
Elizabeth Kerr,Female,Paisley- Renfrewshire,dtaylor52@live.com
Erin Breiten,Female,Undifined,erin96080@gmail.com
Etta V. Maytubby,Female,Undifined,finehooper32@yahoo.com
Gaynor Waddilove,Female,Manchester- United Kingdom,gaynor_waddilove@hotmail.co.uk
Gladys Bridge,Female,Undifined,gladys.bridge.gb@gmail.com
Hara Nath,Male,Pluton- Neamt- Romania,impulsoestepario@gmail.com
Hasina Zaman,Female,London- United Kingdom,hasina.zaman@ntlworld.com
Helen Jordan,Female,Dumbarton,helenjordan66@hotmail.co.uk
Ilona Diessner,Female,Albany- Western Australia,bodymindkinesiology@gmail.com
Jana Nel,Female,Boksburg- Gauteng,dupjana@gmail.com
Jayne Bates,Undifined,Cambridge- Cambridgeshire,jayne_cairnie@yahoo.co.uk
Jeanette Scotson,Female,Daventry- Northamptonshire,jeanette.scotson@sky.com
Jenny O'Connor,Undifined,Undifined,nirejen@hotmail.com
Joan Phillips,Undifined,Stockton-on-Tees- United Kingdom,jopieteacher@gmail.com
Johnsey Mcpike,Male,Glasgow- United Kingdom,johnmcpike1@hotmail.com
Julie Baldwin Powell,Female,Naples- Florida,brandtsr@gmail.com
Julie Tetlow Haggerty,Female,Ashton- Tameside- United Kingdom,julietetlow62@gmail.com
Julie White,Female,Undifined,julie.whitehouse15@ntlworld.com
June Parker,Female,North Houston- Texas,juneparker69@yahoo.com
June Polonski,Undifined,Leicester- United Kingdom,art@tridentgalleries.com
Karen Lloyd,Female,Aberdare- Rhondda Cynon Taff,kalloyd@talktalk.net
Katherine Shear,Female,New York- New York,sw-cgt@columbia.edu
Kathleen Brown,Undifined,Undifined,krbtake2@gmail.com
Kathleen Du Plessis,Female,Sasolburg,0790474424@vodamail.co.za
Kathleen MacLeod Cournoyea,Undifined,Alliston- Ontario,kcournoyea@outlook.com
Kathy Palasek,Female,Undifined,kathypalasek@yahoo.com
Kerry Swartz,Undifined,Vancouver- British Columbia,kerry@ksphotos.com
Kirsten Flett-wood,Female,Undifined,hopalongkp@aol.com
Krista Rogers,Female,Nashville- Indiana,kjktchn@aol.com
Laura Wolf,Female,Undifined,ltstorzer@yahoo.com
Leon Forsman,Male,Randburg- Gauteng- South Africa,forsmanleon1@gmail.com
Lesley Dubinsky Vanderwall,Undifined,Vancouver- British Columbia,lesleygatsby@hotmail.com
Lesley Smith,Undifined,Dungannon,martinsniffy@yahoo.co.uk
Likkle PeaPod,Male,Stockport,likklepeapods18@gmail.com
Linda Stitcher Jett,Female,Griffin- Georgia,mimipop2@bellsouth.net
Lisa Glidewell,Female,New Braunfels- Texas,lgwell1@hotmail.com
Lisa Harrison-Gordon,Female,Ormond Beach- Florida,gordon.lisa88@yahoo.com
Lisa Williamson,Female,Folkestone- Kent,llw18@hotmail.co.uk
Marian O'Neill,Female,Leigh-on-Sea,marianrose@hotmail.co.uk
Melody Weaver,Female,Vidor- Texas,hippie.laces@gmail.com
Michael Gerard Trueblood,Male,Undifined,sarahtreed_trumpetplayer@yahoo.com
Michelle Jennie Hayes,Female,Undifined,mjrussell@live.co.uk
Mickey James Godfrey,Female,Undifined,micgodfrey@att.net
Mo Jones,Female,Undifined,minniemoan@hotmail.co.uk
Nátalia Jane D'alton,Female,Donaghadee,nataliajigsaw@gmail.com
Nicky Deacon,Female,Maidstone- Kent,njknight78@hotmail.com
Nicola Evans,Female,Abingdon-On-Thames- Oxfordshire- United Kingdom,evansnicola8@sky.com
Pamela Shockley-Zabel,Undifined,Undifined,mydice2@aol.com
Patty Wise,Female,Lansdowne- Maryland,mynellie1@comcast.net
Pebbles Rodgers,Female,York,pebblespop1@yahoo.co.uk
Penny Bamtybo Salsbury,Female,Undifined,ladypenelope13@outlook.com
Rachael Whitfield,Female,Undifined,rachaelwhitfield67@hotmail.com
Rebecca Carter,Female,Llandeilo,rac.1010@hotmail.co.uk
Richard Coates,Male,Great Yarmouth,richardcoates180@btinternet.com
Roberta Vaniska,Female,West Palm Beach- Florida,roberta.vaniska@hotmail.com
Robin Goudy,Undifined,Etters,mommy0004@aol.com
Rochelle Digirolamo Coone,Female,Sinclairville- New York,teddybear_302002@yahoo.com
Rose Shepherd,Undifined,Coconut Creek- Florida,ssheppysgirl02@aol.com
Sale Phabdisco,Undifined,Undifined,salephabdisco@hotmail.co.uk
Sarah Jacobs,Undifined,St. Charles- Missouri,sarahnorton1013@gmail.com
Sophie Louise Grimshaw,Female,Pool- Cornwall,wellies3334@gmail.com
Stacey Louise,Female,Undifined,staceyhardiman27@gmail.com
Stephanie Anne Rossino,Female,Delran- New Jersey,lbisteph@comcast.net
Steven Game-Blackmoor,Male,Stone- Stoke-On-Trent- United Kingdom,celebrantsgb@outlook.com
Stewart Martin,Male,Balcarres- Saskatchewan,stumartin@sasktel.net
Susan Allen,Undifined,Mobile- Alabama,beinggreen4u@gmail.com
Tarang Bates,Female,Nimbin- New South Wales,tarangbates@yahoo.com.au
Trisha Wilson,Female,Paragould- Arkansas,trishannwilson69@gmail.com
Valerie Mar,Female,Littleton- Colorado,sarawiltox@gmail.com
Vicki Macdonald,Female,Bolsover,vkmaclime@talktalk.net
Vicki Warren Cohron Christison,Female,Henderson- Kentucky,christison_v@yahoo.com
Viv Lane,Female,Penistone,guideddreams@btinternet.com
Vivienne Brown,Female,Newcastle upon Tyne,viviennejbrown@hotmail.com
Yvonne Valentine Dicer,Undifined,Mission- British Columbia,yvonne_valentine@telus.net