Anthony R Belsky,Male,Undifined,+14848945779
Bernie Foy,Female,Undifined,+447879012890
Beverly O'Sullivan,Female,Undifined,+15192817980
Brittany Reneé Wilkinson,Female,Undifined,+15597791785
Carol Wainwright,Female,Ormskirk,+447583576274
Chrissie Leggett,Undifined,Undifined,+447739180726
David Bolton,Male,Royal Tunbridge Wells,+447788808408
Deb McCarty,Female,Waverly- New York,+16074814656
Dee Tinley,Female,Mullumbimby,+61420851639
Donald Plant,Male,London- United Kingdom,+447821386628
Elizabeth Jean Olivia Gagnon,Female,Cornwall- Ontario,+16138703263
Jackie Rogers Serenity Counselling,Female,Burton upon Trent,+447541574010
Jayne Bates,Undifined,Cambridge- Cambridgeshire,+447854234306
Jenny Brumby,Female,Millom,+447793613557
Joanna Rose-Celebrant,Female,Eastbourne- East Sussex,+447823448441
Julie Tetlow Haggerty,Female,Ashton- Tameside- United Kingdom,+447931010868
Kate-Lyn Mcwilliams,Female,Cedar Park- Texas,+15129657320
Kelsey Crawford,Female,Oklahoma City- Oklahoma,+19189359198
Kristen Nicole Eddlemon,Female,Hartshorne- Oklahoma,+19184717418
LaJoy Henderson Primer,Undifined,Quartz Hill- California,+16618022215
Michael Harrison,Male,Stroud- Gloucestershire,+447971167574
Robin Ries,Female,Loveland- Ohio,+15132543629
Ruth Smart,Female,Undifined,+447957818876
Unati Violet Noah,Female,Pretoria- South Africa,+27838715510