{"last_tab":"1","opt-media-logo":{"url":"http:\/\/premiumlayers.net\/demo\/wp\/estatepro\/wp-content\/themes\/estatepro\/images\/logos\/logo.png","id":"","height":"","width":"","thumbnail":""},"logo_iphonedd":{"url":"","id":"","height":"","width":"","thumbnail":""},"media_logo_retina":{"url":"","id":"","height":"","width":"","thumbnail":""},"media_logo_retina_white":{"url":"","id":"","height":"","width":"","thumbnail":""},"favicon":{"url":"http:\/\/premiumlayers.net\/demo\/wp\/estatepro\/wp-content\/themes\/estatepro\/images\/logos\/logo.png","id":"","height":"","width":"","thumbnail":""},"faviconone":{"url":"http:\/\/premiumlayers.net\/demo\/wp\/estatepro\/wp-content\/themes\/estatepro\/images\/logos\/logo.png","id":"","height":"","width":"","thumbnail":""},"faviconthre":{"url":"http:\/\/premiumlayers.net\/demo\/wp\/estatepro\/wp-content\/themes\/estatepro\/images\/logos\/logo.png","id":"","height":"","width":"","thumbnail":""},"favicontwo":{"url":"http:\/\/premiumlayers.net\/demo\/wp\/estatepro\/wp-content\/themes\/estatepro\/images\/logos\/logo.png","id":"","height":"","width":"","thumbnail":""},"faviconfour":{"url":"http:\/\/premiumlayers.net\/demo\/wp\/estatepro\/wp-content\/themes\/estatepro\/images\/logos\/logo.png","id":"","height":"","width":"","thumbnail":""},"estate_slider_display":"3","estate_item_display":"","estate_banner_display":"1","theme_general_banner_image":{"url":"http:\/\/premiumlayers.net\/demo\/wp\/estatepro\/wp-content\/themes\/estatepro\/images\/page-cover.jpg","id":"","height":"","width":"","thumbnail":""},"estate_blog_title":"Our Blog","display_top":"1","login_area":"Login","login_link":"https:\/\/www.siteurl.com\/login","reg_area":"Membership","reg_link":"https:\/\/www.siteurl.com\/membership","social_google":"https:\/\/plus.google.com\/","social_twitter":"https:\/\/twitter.com\/","social_pinterest":"https:\/\/www.pinterest.com\/","social_dribbble":"https:\/\/dribbble.com\/","social_linkedin":"https:\/\/www.linkedin.com\/","social_facebook":"http:\/\/facebook.com\/","social_youtube":"http:\/\/youtube.com\/","social_instagram":"http:\/\/instagram.com\/","contact_number":"99 123 456 789 88","contact_mail":"contact@yourdomain.com","map_icon":{"url":"http:\/\/premiumlayers.net\/demo\/wp\/estatepro\/wp-content\/themes\/estatepro\/images\/map-marker.png","id":"","height":"","width":"","thumbnail":""},"latitude":"41.7906594","longitude":"-88.1567997","contact-form-shortcode":"[contact-form-7 id=\"237\" title=\"EstatePro\"]","custom_css":"                                    ","textarea_copyright":"&copy; 2016 Estate Pro, All Rights Reserved.","foot-brand":{"url":"http:\/\/premiumlayers.net\/demo\/wp\/estatepro\/wp-content\/themes\/estatepro\/images\/foot-brand.png","id":"","height":"","width":"","thumbnail":""},"banner_title":"Sell <span>or<\/span> Rent","banner_s_title":"Your Property","banner_l_title":"Click Here","banner_link_url":"http:\/\/www.yourlink.com\/","opt-customizer-only":"2","redux-backup":"1"}